0001.jpg,0
0040.jpg,0
0114.jpg,0
0158.jpg,0
0222.jpg,0
0228.jpg,0
0231.jpg,0
0237.jpg,0
0241.jpg,0
0343.jpg,0
0346.jpg,0
0354.jpg,0
0357.jpg,0
0362.jpg,0
0368.jpg,0
0373.jpg,0
0380.jpg,0
0385.jpg,0
0391.jpg,0
blue0001.jpg,0
blue0002.jpg,0
blue0003.jpg,0
blue0004.jpg,0
blue0005.jpg,0
blue0006.jpg,0
blue0007.jpg,0
blue0008.jpg,0
blue0009.jpg,0
blue0010.jpg,0
blue0011.jpg,0
blue0012.jpg,0
blue0013.jpg,0
blue0014.jpg,0
blue0015.jpg,0
blue0016.jpg,0
blue0017.jpg,0
blue0018.jpg,0
blue0019.jpg,0
blue0020.jpg,0
blue0021.jpg,0
blue0022.jpg,0
blue0023.jpg,0
blue0024.jpg,0
blue0025.jpg,0
blue0026.jpg,0
blue0027.jpg,0
blue0028.jpg,0
blue0029.jpg,0
blue0030.jpg,0
blue0031.jpg,0
blue0032.jpg,0
blue0033.jpg,0
blue0034.jpg,0
blue0035.jpg,0
blue0036.jpg,0
blue0037.jpg,0
blue0038.jpg,0
blue0039.jpg,0
blue0040.jpg,0
blue0041.jpg,0
blue0042.jpg,0
blue0043.jpg,0
blue0044.jpg,0
blue0045.jpg,0
blue0046.jpg,0
blue0047.jpg,0
blue0048.jpg,0
blue0049.jpg,0
blue0050.jpg,0
blue0051.jpg,0
blue0052.jpg,0
blue0053.jpg,0
blue0054.jpg,0
blue0055.jpg,0
blue0056.jpg,0
blue0057.jpg,0
blue0058.jpg,0
blue0059.jpg,0
blue0060.jpg,0
blue0061.jpg,0
blue0062.jpg,0
blue0063.jpg,0
blue0064.jpg,0
blue0065.jpg,0
blue0066.jpg,0
blue0067.jpg,0
blue0068.jpg,0
blue0069.jpg,0
blue0070.jpg,0
blue0071.jpg,0
blue0072.jpg,0
blue0073.jpg,0
blue0074.jpg,0
blue0075.jpg,0
blue0076.jpg,0
blue0077.jpg,0
blue0078.jpg,0
blue0079.jpg,0
blue0080.jpg,0
blue0081.jpg,0
blue0082.jpg,0
blue0083.jpg,0
blue0084.jpg,0
blue0085.jpg,0
blue0086.jpg,0
blue0087.jpg,0
blue0088.jpg,0
blue0089.jpg,0
blue0090.jpg,0
blue0091.jpg,0
blue0092.jpg,0
blue0093.jpg,0
blue0094.jpg,0
blue0095.jpg,0
blue0096.jpg,0
blue0097.jpg,0
blue0098.jpg,0
blue0099.jpg,0
blue0100.jpg,0
blue0101.jpg,0
blue0102.jpg,0
blue0103.jpg,0
blue0104.jpg,0
blue0105.jpg,0
blue0106.jpg,0
blue0107.jpg,0
blue0108.jpg,0
blue0109.jpg,0
blue0110.jpg,0
blue0111.jpg,0
blue0112.jpg,0
blue0113.jpg,0
blue0114.jpg,0
blue0115.jpg,0
blue0116.jpg,0
blue0117.jpg,0
blue0118.jpg,0
blue0119.jpg,0
hump0001.jpg,1
hump0002.jpg,1
hump0003.jpg,1
hump0004.jpg,1
hump0005.jpg,1
hump0006.jpg,1
hump0007.jpg,1
hump0008.jpg,1
hump0009.jpg,1
hump0010.jpg,1
hump0011.jpg,1
hump0012.jpg,1
hump0013.jpg,1
hump0014.jpg,1
hump0015.jpg,1
hump0016.jpg,1
hump0017.jpg,1
hump0018.jpg,1
hump0019.jpg,1
hump0020.jpg,1
hump0021.jpg,1
hump0022.jpg,1
hump0023.jpg,1
hump0024.jpg,1
hump0025.jpg,1
hump0026.jpg,1
hump0027.jpg,1
hump0028.jpg,1
hump0029.jpg,1
hump0030.jpg,1
hump0031.jpg,1
hump0032.jpg,1
hump0033.jpg,1
hump0034.jpg,1
hump0035.jpg,1
hump0036.jpg,1
hump0037.jpg,1
hump0038.jpg,1
hump0039.jpg,1
hump0040.jpg,1
hump0041.jpg,1
hump0042.jpg,1
hump0043.jpg,1
hump0044.jpg,1
hump0045.jpg,1
hump0046.jpg,1
hump0047.jpg,1
hump0048.jpg,1
hump0049.jpg,1
hump0050.jpg,1
hump0051.jpg,1
hump0052.jpg,1
hump0053.jpg,1
hump0054.jpg,1
hump0055.jpg,1
hump0056.jpg,1
hump0057.jpg,1
hump0058.jpg,1
hump0059.jpg,1
hump0060.jpg,1
hump0061.jpg,1
hump0062.jpg,1
hump0063.jpg,1
hump0064.jpg,1
hump0065.jpg,1
hump0066.jpg,1
hump0067.jpg,1
hump0068.jpg,1
hump0069.jpg,1
hump0070.jpg,1
hump0071.jpg,1
hump0072.jpg,1
hump0073.jpg,1
hump0074.jpg,1
hump0075.jpg,1
hump0076.jpg,1
hump0077.jpg,1
hump0078.jpg,1
hump0079.jpg,1
hump0080.jpg,1
hump0081.jpg,1
hump0082.jpg,1
hump0083.jpg,1
hump0084.jpg,1
hump0085.jpg,1
hump0086.jpg,1
hump0087.jpg,1
hump0088.jpg,1
hump0089.jpg,1
hump0090.jpg,1
hump0091.jpg,1
hump0092.jpg,1
hump0093.jpg,1
hump0094.jpg,1
hump0095.jpg,1
hump0096.jpg,1
hump0097.jpg,1
hump0098.jpg,1
hump0099.jpg,1
hump0100.jpg,1
hump0101.jpg,1
hump0102.jpg,1
hump0103.jpg,1
hump0104.jpg,1
hump0105.jpg,1
hump0106.jpg,1
hump0107.jpg,1
hump0108.jpg,1
hump0109.jpg,1
hump0110.jpg,1
hump0111.jpg,1
hump0112.jpg,1
hump0113.jpg,1
hump0114.jpg,1
hump0115.jpg,1
hump0116.jpg,1
hump0117.jpg,1
hump0118.jpg,1
hump0119.jpg,1
hump0120.jpg,1
hump0121.jpg,1
hump0122.jpg,1
hump0123.jpg,1
hump0124.jpg,1
hump0125.jpg,1
hump0126.jpg,1
hump0127.jpg,1
hump0128.jpg,1
hump0129.jpg,1
hump0130.jpg,1
hump0131.jpg,1
hump0132.jpg,1
hump0133.jpg,1
hump0134.jpg,1
hump0135.jpg,1
hump0136.jpg,1
hump0137.jpg,1
hump0138.jpg,1
hump0139.jpg,1
hump0140.jpg,1
hump0141.jpg,1